date,y,lo_pool,hi_pool,covered_pool,lo_strat,hi_strat,covered_strat
2015-01-01,2.7619129398426217,-1.493124017396461,9.189056072149922,True,1.9120772203134764,10.401211905525061,True
2015-02-01,0.17320306198092525,-4.055981506274419,6.6261985832719645,True,-3.306010949736368,5.8927034386492085,True
2015-03-01,-2.2753825762029876,-8.226016187878525,2.4561639016678596,True,-9.18375921305411,0.9551737681646812,True
2015-04-01,-0.012646221958047132,-7.511261841231104,3.17091824831528,True,-10.393121774011318,5.060686777369381,True
2015-05-01,-7.114517971795853,-10.56583689711575,0.11634319243063374,True,-10.850971919598155,-1.0823156172495771,True
2015-06-01,-4.031854531697856,-8.32399540277084,2.358184686775542,True,-7.152424113468779,1.8500406917301424,True
2015-07-01,-3.364319593789386,-6.035987358019247,4.646192731527137,True,-5.805959104416443,3.0375401370699655,True
2015-08-01,3.4208566977688766,-3.1109740491463898,7.571206040399994,True,-0.6297312496580489,8.036932323745301,True
2015-09-01,1.1799546931155032,-2.4530905836389945,8.13520469824272,True,1.2424901871127156,7.380165358027764,False
2015-10-01,6.35692622826934,0.019584380985476102,10.607879662867191,True,1.5043902907325295,8.71807753735205,True
2015-11-01,2.0750323041224967,-2.081965372536197,8.435537453455128,True,0.4252464969392573,9.541095023926694,True
2015-12-01,0.7799055065493573,-3.8054406288598566,6.712062197131468,True,-2.1855749544718908,4.46742521043223,True
2016-01-01,-1.1657084542212865,-2.149354740030181,8.368148085961144,True,1.4834096856092027,9.447965698035063,False
2016-02-01,-0.6074332085965676,-4.452205784584838,6.002676705055891,True,-3.842217201991291,5.356497186394285,True
2016-03-01,1.083043077436959,-5.080055858266594,5.374826631374136,True,-6.177780857386683,3.961152123832108,True
2016-04-01,3.1307782967190807,-6.839476306832034,3.615406182808696,True,-9.861318213556752,5.592490337823947,True
2016-05-01,-8.653694545136686,-10.829032440596343,-0.374149950955613,True,-11.254149437023251,-1.4854931346746731,True
2016-06-01,-7.468148923678865,-7.2657263321636325,3.189156157477097,False,-6.2341370168060735,2.768327788392848,False
2016-07-01,-2.394085084153416,-5.06913459889945,5.385747890741279,True,-4.97908831924115,3.8644109222452587,True
2016-08-01,0.9526716886531644,-2.8775509848955183,7.639951841095806,True,-0.5490228974076117,8.117640675995737,True
2016-09-01,3.608188906105783,-1.109206654156008,9.408296171835318,True,2.4234370431087267,8.604386657924456,True
2016-10-01,0.470454927152806,-1.1297328573357035,9.387769968655622,True,1.7595507773561891,8.30561528469088,False
2016-11-01,4.232846837792069,-0.6570254779652789,9.860477348026045,True,1.5908913568843501,10.503957878150565,True
2016-12-01,2.570628057630042,-2.500865196040489,7.9540172936002405,True,-0.8682667835965923,5.784733381307529,True
2017-01-01,3.2935543562310126,-3.9506395413927065,6.504242948248023,True,-0.6819364068033904,7.806943168422739,True
2017-02-01,-1.2158990827245328,-5.662754515212949,4.740595707750677,True,-3.8290183734875622,4.122735097508825,True
2017-03-01,3.5916698455701717,-3.6731965090650567,6.679976916161152,True,-4.981389900058139,5.157543081160652,True
2017-04-01,-3.4226300809831476,-5.177430106911155,5.175743318315054,True,-3.9653656378828055,10.402189829730931,True
2017-05-01,-6.01050738115022,-9.230194998060492,1.1229784271657168,True,-9.865780386360395,-0.09712408401181616,True
2017-06-01,-3.3387867694179514,-9.289757267568477,1.0634161576577315,True,-10.553388317612482,-1.0602398163857334,True
2017-07-01,-5.196924919942373,-8.206234686561787,2.1469387386644216,True,-8.32665679877648,0.5168424427099283,True
2017-08-01,0.9570882090937952,-2.334269481441828,8.01890394378438,True,-0.20347704777098397,8.463186525632366,True
2017-09-01,5.7265897603802856,-2.714236069175339,7.63893735605087,True,0.6206719742723332,6.801621589088063,True
2017-10-01,2.6901233956438935,-4.651247624330996,5.7019258008952125,True,-3.6585940628871523,3.7720655007104718,True
2017-11-01,2.4595834467491233,-1.5995697682265435,8.753603656999665,True,0.450611412806023,9.363677934072237,True
2017-12-01,1.707406973280904,-1.9442223934599001,8.408951031766309,True,-0.5220923728889968,6.130907792015124,True
2018-01-01,-0.10504202646518758,-2.790793145751645,7.562380279474564,True,0.26744159696467795,8.756321172190807,False
2018-02-01,-0.5268716086826609,-3.234345336729188,7.118828088497021,True,-1.5878642286194449,6.363889242376942,True
2018-03-01,3.8092440662541383,-3.192177390231392,7.160996034994817,True,-4.500370781224475,5.6385621999943165,True
2018-04-01,-0.2418380864281638,-8.666680456191477,1.6777213503347856,True,-7.9675716044542995,5.525287206315408,True
2018-05-01,-5.62218140779371,-9.45801140851695,0.8863903980093126,True,-9.826055472656254,-0.4882849628262935,True
2018-06-01,-7.456434688678088,-7.775131942269621,2.569269864256642,True,-8.89338508676791,0.5997634144588386,True
2018-07-01,-2.024717053532985,-7.383366328565327,2.961035477960937,True,-7.138307242218334,1.04362190410124,True
2018-08-01,2.1698549599976773,-3.9314166257598013,6.412985180766462,True,-1.6552462865432416,7.011417286860109,True
2018-09-01,1.9532431971759197,-1.692225531887062,8.652176274639201,True,1.7880604171063257,7.969010031922055,True
2018-10-01,5.533149595830796,-2.153197613263117,8.191204193263147,True,-1.0151661462735575,6.4154934173240665,True
2018-11-01,1.9060890304270808,-3.763646445298418,6.580755361227845,True,-1.568087358720136,7.344979162546078,True
2018-12-01,2.722053849764802,-2.5022458262880036,7.842155980238259,True,-0.9347379001713847,5.718262264732736,True
2019-01-01,4.300386023855,-4.639036739079374,5.705365067446889,True,-1.8051104593162313,6.914122035919761,True
2019-02-01,1.0285385150328017,-6.668306795935461,3.5832439442158766,True,-5.0988716221865795,2.829123254606098,True
2019-03-01,-1.893809673719144,-4.02399872562109,6.227552014530247,True,-5.409238050975034,4.729694930243757,True
2019-04-01,-3.4479642066575886,-5.653885912294218,4.59766482785712,True,-5.177200900463617,8.31565791030609,True
2019-05-01,-0.18006435733380968,-9.072799814867652,1.1787509252836856,True,-9.663267718913533,-0.32549720908357216,False
2019-06-01,-8.415990842205082,-11.342947870465304,-1.0913971303139665,True,-12.34998456794699,-4.340710111949359,True
2019-07-01,-3.2159857450251446,-5.662581944084786,4.588968796066552,True,-5.639946697644371,2.541982448675203,True
2019-08-01,0.44729892051606507,-4.073946632610886,6.177604107540452,True,-1.3006230687004583,6.646463440102447,True
2019-09-01,4.2007585699284675,-3.2967054415769,6.861646588750173,True,0.39563474106824614,6.576584355883975,True
2019-10-01,6.816425660733522,-1.0888482197905383,9.069503810536535,True,0.26123748085078,7.691897044448404,True
2019-11-01,4.290879050109625,-4.646969576859033,5.51138245346804,True,-1.6016854080552927,7.13385154524668,True
2019-12-01,-0.5822973772215014,-3.5818136835502528,6.576538346776821,True,-1.3571552726681646,4.850748641122246,True
2020-01-01,-0.3485191478960226,-1.4101394615836886,8.748212568743385,True,1.6358410518312123,10.355073547067205,False
2020-02-01,0.23662754674005637,-3.43025043378049,6.628619191855166,True,-1.3197223978314425,6.3889116006115785,True
2020-03-01,-2.8131782605342175,-6.726573214317252,3.3322964113184037,True,-7.790080555820687,2.3488524253981047,True
2020-04-01,-20.175168438771564,-6.401174179955458,3.6576954456801984,False,-5.104721694854698,6.113092080704812,False
2020-05-01,-10.105614911202265,-0.09559477163070529,9.96327485400495,False,-0.35897817090738293,9.121794846498624,False
2020-06-01,-2.86361244719084,-4.260346121606872,5.7979496691916985,True,-4.925690534961667,2.980260789786016,True
2020-07-01,5.6138071292796345,-2.9186567214158314,7.244100404959605,True,-2.449867855271659,5.7320612910479145,True
2020-08-01,5.171443568667868,-1.107680804353807,9.05507632202163,True,2.111796379260378,10.058882888063284,True
2020-09-01,6.443851613723776,-0.4256443470870108,9.737112779288426,True,3.278371381703557,9.459320996519287,True
2020-10-01,9.808841332853723,2.8213708880988797,12.984128014474315,True,5.133189288706645,11.633830284935835,True
2020-11-01,-2.799603650816894,0.19453524143646472,10.357292367811901,False,4.1841321290226645,11.53027402084733,False
2020-12-01,5.045378125583213,0.16235559606690053,10.325112722442338,True,2.3986895530944103,8.60659346688482,True
2021-01-01,1.7662249041762164,-6.124956102913323,4.037801023462113,True,-4.380987234517262,5.8205622098837715,True
2021-02-01,-1.6200551884295908,-5.3654645417892635,4.797292584586173,True,-3.130514869986968,4.578119128456053,True
2021-03-01,6.465470081787569,-7.762699721659166,2.292382854390577,False,-7.116215977195953,1.299078951862858,False
2021-04-01,-9.759059724894529,-22.543101361361252,-12.488018785311509,False,-21.73062575205242,-8.236617707080809,True
2021-05-01,-6.359664747103559,-14.757551290801704,-4.5947941644262675,True,-15.024028993758712,-5.198403141411616,True
2021-06-01,-0.8370707515404476,-9.768641655047709,0.5371538210207363,True,-10.207020518246097,-2.3010691934984133,False
2021-07-01,-2.5389655350263944,-6.45741325196127,3.848382224107176,True,-5.866120171237555,2.3158089750820188,True
2021-08-01,3.449130361891957,-1.2660642209983752,9.039731255070071,True,1.7899696097403694,8.91505916941081,True
2021-09-01,6.121758108719556,-1.8452765732921517,8.460518902776295,True,1.6695223647452218,7.501894627973857,True
2021-10-01,2.8991464209673765,-1.7705791201567953,8.53521635591165,True,0.6637434950305128,7.1643844912597014,True
2021-11-01,-0.053425939563840945,-3.6114131963880873,6.551343929987349,True,-0.549751109139915,8.184466863632235,True
2021-12-01,6.140234595212063,-1.8213784555221544,8.236917335276416,True,0.3104941659284899,6.518398079718901,True
2022-01-01,0.12556505918988406,-6.329490391033619,3.649655788647251,True,-3.4431281783696224,5.2732887270618445,True
2022-02-01,0.12540759105328397,-4.621654025027056,5.357492154653814,True,-2.645920806189652,4.755161091110176,True
2022-03-01,5.177569461993735,-4.146110837717265,5.833035341963606,True,-3.5595554175644715,4.855739511494339,False
2022-04-01,-2.0924284322505287,-14.181452490697666,-4.238770722670404,False,-13.432320083022361,0.16390923666620516,True
2022-05-01,-7.925313005651883,-11.077771582565306,-1.1350898145380444,True,-11.437403379519775,-1.9564791083494684,True
2022-06-01,-6.087952144081021,-7.585033852638301,2.393688048940535,True,-8.647584370077556,0.4750955980564586,True
2022-07-01,0.06987632175873398,-7.471295001710444,2.507426899868393,True,-7.170533288304418,1.0113958580151559,True
2022-08-01,2.0739026171926143,-3.7394071694684845,6.239314732110352,True,-0.9739047060474295,6.151184853623011,True
2022-09-01,1.1563968059202767,-1.5002042900854953,8.442477477941766,True,1.9820674671671914,7.385144751577979,False
2022-10-01,1.196652935099149,-3.2437269973950342,6.698954770632228,True,-1.1535231928333718,5.347117803395817,True
2022-11-01,3.364312035236682,-3.106934732015193,6.835747036012069,True,-0.8837604407294979,8.026362004708298,True
2022-12-01,4.324861625468287,-0.8195384289082179,9.123143339119045,True,1.2077520789798042,7.024908975476062,True
2023-01-01,-0.17341760818276106,-4.372692874928789,5.569988893098473,True,-1.5388031459768532,7.177613759454614,True
2023-02-01,1.5011971347866642,-4.103492373384178,5.794718613242132,True,-2.2022295492700352,4.379883656423745,True
2023-03-01,4.967376186445964,-3.228455224913032,6.576368166227592,True,-2.639669885568448,6.096493733136365,True
2023-04-01,-0.7582421863024204,-8.064803938895192,1.7400194522454326,True,-7.260969128316036,6.335260191372531,True
2023-05-01,-8.5522173438162,-10.958225911806936,-1.1534025206663117,True,-11.263155305857556,-1.7822310346872468,True
2023-06-01,-3.095901677841311,-9.2788850665878,0.42401100488352617,True,-9.486380521492851,-1.2150706995609057,True
2023-07-01,-4.054246511440808,-7.083424078392669,2.559803972173346,True,-6.797825815490823,1.291898514670301,True
2023-08-01,5.075197787891119,-2.829222917637145,6.81400513292887,True,-0.07888390472026918,7.046205654950172,True
2023-09-01,4.245108745516532,-4.810095810570472,4.753865512905099,True,-2.1094885935642247,3.749620432444159,False
2023-10-01,5.0381745753252885,-5.625325832791582,3.938635490683989,False,-3.551633446418134,2.0593629540604232,False
2023-11-01,2.4964671819922373,-2.9976868014753357,6.566274522000235,True,-1.5563064259278585,7.31474998000069,True
2023-12-01,4.304662780682392,-3.2286890507283355,6.423923767453537,True,-1.493006730383632,4.324150166112625,True
2024-01-01,-0.39995609365015156,-6.007374833612418,3.645237984569455,True,-3.4650932922038002,5.251323613227666,True
2024-02-01,-0.6253510049844607,-4.606428703068219,4.957532620407352,True,-3.4649618836810934,3.1171513220126865,True
2024-03-01,2.379878771232762,-2.8865222572505274,6.677439066225043,True,-3.134233236548013,5.6019303821568,True
2024-04-01,-0.8678988836907986,-8.05315665621506,1.5108046672605107,True,-8.085818164277974,5.510411155410594,True
2024-05-01,-2.3669744085904734,-10.404753663688668,-0.8407923402130972,True,-10.936823277236588,-1.854127835386608,True
2024-06-01,-5.77899809117563,-10.155862008821785,-0.5919006853462134,True,-11.202423739105145,-2.9311139171731986,True
2024-07-01,-5.841256220519588,-7.44990488182383,2.1140564416517407,True,-7.984524527463979,0.10519980269714546,True
2024-08-01,2.072287657455885,-1.327576900820497,8.236384422655075,True,0.8987303028363995,7.062641543720952,True
2024-09-01,2.8912953607216485,-1.6073781764776713,7.956583146997899,True,1.0932290405285756,6.952338066536959,True
2024-10-01,6.305813596713701,-1.1122158476422985,8.451745475833272,True,0.19227912390148294,6.692712576631535,True
2024-11-01,-0.30659196218349005,-2.6400631820373377,6.923898141438233,True,-0.7437430086649948,6.941885910890899,True
2024-12-01,1.8032721255153847,-0.680950086727794,8.883011236747777,True,0.56454650542201,6.3817034019182675,True
