date,season,month_name,covered_p,lo_p,hi_p,width_p,covered_s,lo_s,hi_s,width_s
2015-01-01,1,Jan,False,0.14614065794018177,0.9669028107330954,0.8207621527929136,False,0.2814532535034566,0.9617102607877779,0.6802570072843213
2015-02-01,2,Feb,True,0.5603130003455612,1.3810751531384748,0.8207621527929136,True,0.8391199122878321,1.4004115211031842,0.5612916088153521
2015-03-01,3,Mar,True,0.528471561735143,1.3493184794806097,0.8208469177454667,False,0.7352936157494483,1.3148915580704088,0.5795979423209605
2015-04-01,4,Apr,True,0.45530475306273716,1.2627025109950116,0.8073977579322744,True,0.5671956429577849,1.247935270286475,0.6807396273286901
2015-05-01,5,May,True,0.1423444908927724,0.949742248825047,0.8073977579322746,True,0.3317818524134021,0.9270584280817649,0.5952765756683628
2015-06-01,6,Jun,True,0.25317775640022006,1.040276688811784,0.787098932411564,True,0.11014344421245992,0.9032332818781703,0.7930898376657104
2015-07-01,7,Jul,True,0.07204239920256467,0.8591413316141288,0.787098932411564,True,0.09090611617434108,1.1591208902752292,1.068214774100888
2015-08-01,8,Aug,True,0.06684825444164699,0.853947186853211,0.787098932411564,True,0.15136615501428297,0.7002324217066369,0.5488662666923539
2015-09-01,9,Sep,True,-0.06277133304978116,0.7243275993617828,0.787098932411564,True,-0.02961472818359151,0.7788986500677039,0.8085133782512954
2015-10-01,10,Oct,True,0.12231620985267205,0.909415142264236,0.787098932411564,True,0.3190003721168763,1.3597453518933653,1.040744979776489
2015-11-01,11,Nov,True,0.28705548481007376,1.0741544172216377,0.787098932411564,False,0.39010144069352537,0.9313983615850514,0.541296920891526
2015-12-01,12,Dec,True,0.4717535406631865,1.2588524730747506,0.787098932411564,True,0.727647544535092,1.1929618107702837,0.4653142662351918
2016-01-01,1,Jan,False,0.3981148684657471,1.1724637055314306,0.7743488370656835,False,0.49142392249212474,1.1737664097061313,0.6823424872140066
2016-02-01,2,Feb,True,0.6533659036865862,1.42771474075227,0.7743488370656837,True,0.89016927409196,1.4514608829073121,0.5612916088153521
2016-03-01,3,Mar,True,0.3918791315821219,1.178978063993686,0.787098932411564,False,0.6182503087231708,1.1430333309379415,0.5247830222147707
2016-04-01,4,Apr,True,-0.10958156518325568,0.6775173672283084,0.787098932411564,False,-0.07762213263924916,0.5284778207820833,0.6060999534213325
2016-05-01,5,May,True,0.10228856080684862,0.8893874932184127,0.787098932411564,False,0.16698729333968693,0.6934405695372248,0.5264532761975378
2016-06-01,6,Jun,True,0.24142596068537875,1.0285248930969428,0.787098932411564,True,0.11552554732878906,0.870450582134984,0.754925034806195
2016-07-01,7,Jul,True,-0.09076593113725517,0.6963330012743089,0.787098932411564,True,-0.07190221416547876,0.9963125599354095,1.0682147741008883
2016-08-01,8,Aug,True,0.022293074569043836,0.8093920069806079,0.787098932411564,True,0.14106066151906166,0.6556772418340338,0.514616580314972
2016-09-01,9,Sep,True,0.06324939702058702,0.850348329432151,0.787098932411564,False,0.09640600188677667,0.904919380138072,0.8085133782512954
2016-10-01,10,Oct,True,-0.05744055604302434,0.7296583763685397,0.787098932411564,True,0.13924360622117993,1.179988585997669,1.0407449797764892
2016-11-01,11,Nov,True,-0.021061503685533667,0.7660374287260303,0.787098932411564,True,0.08198445219791795,0.7012592037964333,0.6192747515985153
2016-12-01,12,Dec,True,-0.20893786812426932,0.5781610642872947,0.787098932411564,True,0.04695613574763613,0.512270401982828,0.4653142662351919
2017-01-01,1,Jan,True,0.12203983804375723,0.9091387704553213,0.787098932411564,True,0.21720413886191425,1.04977141706639,0.8325672782044758
2017-02-01,2,Feb,True,-0.005716879037113987,0.78138205337445,0.787098932411564,True,0.24242720857000563,0.6893313227310034,0.44690411416099773
2017-03-01,3,Mar,True,-0.1816949889393341,0.6054039434722299,0.787098932411564,True,-0.015247173834066319,0.5694592104164855,0.5847063842505518
2017-04-01,4,Apr,True,0.04823718165738261,0.8353361140689466,0.787098932411564,False,0.20810125652334427,0.8145972875199671,0.6064960309966227
2017-05-01,5,May,True,-0.11004280904330932,0.6770561233682547,0.787098932411564,True,0.06546516055656415,0.5767892550512866,0.5113240944947225
2017-06-01,6,Jun,False,-0.14466154789356894,0.6296308590240314,0.7742924069176003,True,-0.27233245897865455,0.48259257582754045,0.754925034806195
2017-07-01,7,Jul,True,-0.35625897551396973,0.41803343140363064,0.7742924069176004,True,-0.2936464624835766,0.729049017830199,1.0226954803137756
2017-08-01,8,Aug,True,-0.0636187121101251,0.7106736948074752,0.7742924069176003,True,0.05337837711139681,0.567994957426369,0.5146165803149721
2017-09-01,9,Sep,True,-0.20584101833796462,0.5684513885796357,0.7742924069176004,True,-0.2592939385629486,0.5652858540437852,0.8245797926067338
2017-10-01,10,Oct,True,-0.10496402053561826,0.6693283863819821,0.7742924069176004,True,0.09259890104115395,1.1306946237765791,1.0380957227354253
2017-11-01,11,Nov,True,0.06048954193806616,0.8347819488556665,0.7742924069176003,True,0.16176500009302186,0.7810397516915372,0.6192747515985153
2017-12-01,12,Dec,True,-0.0910109468805389,0.6832814600370615,0.7742924069176004,True,0.16311255926287063,0.6284268254980625,0.4653142662351919
2018-01-01,1,Jan,True,0.11772670079886244,0.8920191077164628,0.7742924069176003,True,0.21112050388852355,1.0436877820929995,0.832567278204476
2018-02-01,2,Feb,True,-0.05965103959937795,0.7075569080018648,0.7672079476012428,True,0.18672255027924575,0.6336266644402435,0.44690411416099773
2018-03-01,3,Mar,True,-0.14215214333884152,0.6250558042624013,0.7672079476012428,True,0.022525174037930362,0.6072315582884822,0.5847063842505518
2018-04-01,4,Apr,True,-0.13339210737673007,0.6338158402245126,0.7672079476012428,True,-0.04345959014840717,0.5937278896732162,0.6371874798216234
2018-05-01,5,May,True,-0.10679392680023209,0.6604140208010106,0.7672079476012428,True,0.002412623182909912,0.4825875842016482,0.4801749610187383
2018-06-01,6,Jun,False,-0.1116030060233047,0.655604941577938,0.7672079476012428,False,-0.20877526333389096,0.5156511176978047,0.7244263810316957
2018-07-01,7,Jul,False,0.7020534160200242,1.4576455419539553,0.7555921259339311,False,0.7402259318103231,1.7629214121240988,1.0226954803137756
2018-08-01,8,Aug,True,-0.16443980265446212,0.6027681449467805,0.7672079476012427,False,-0.01812392623378495,0.45166117298431596,0.4697850992181009
2018-09-01,9,Sep,True,-0.22593431611980222,0.5484145209458814,0.7743488370656836,True,-0.2794719854080696,0.5451078071986641,0.8245797926067338
2018-10-01,10,Oct,True,0.17869717506633492,0.9459256023772059,0.7672284273108709,True,0.3761753475798236,1.414271070315249,1.0380957227354255
2018-11-01,11,Nov,False,-0.0751929792396594,0.6920354480712116,0.767228427310871,False,0.07502760720610074,0.6452724814505282,0.5702448742444275
2018-12-01,12,Dec,True,-0.41889722568194077,0.3483312016289302,0.7672284273108709,True,-0.14497988966005576,0.3004557976333772,0.44543568729343297
2019-01-01,1,Jan,True,-0.15914051748367852,0.615264749730088,0.7744052672137666,True,-0.06591621252058438,0.7666510656838914,0.8325672782044757
2019-02-01,2,Feb,True,-0.014617106206200714,0.7526113211046703,0.767228427310871,True,0.2696618169196462,0.6525140474909444,0.38285223057129825
2019-03-01,3,Mar,True,0.14800122971451274,0.9152296570253837,0.7672284273108709,True,0.31259379802800114,0.8973001822785529,0.5847063842505518
2019-04-01,4,Apr,True,0.11209469546156287,0.8793231227724339,0.7672284273108709,True,0.31092108998053414,0.8765995545323679,0.5656784645518338
2019-05-01,5,May,True,0.08142155436955084,0.8486499816804218,0.7672284273108709,False,0.19054335528940936,0.6707183163081476,0.48017496101873824
2019-06-01,6,Jun,False,0.19039333244325002,0.957621759754121,0.7672284273108709,False,0.045503773463710484,0.838593611129421,0.7930898376657105
2019-07-01,7,Jul,True,-0.36028424365772926,0.39520545738253055,0.7554897010402598,True,-0.3210619061610398,0.7194484133358963,1.040510319496936
2019-08-01,8,Aug,True,-0.33415479652632313,0.43309411049417584,0.767248907020499,True,-0.20241631280099903,0.29728937488360396,0.499705687684603
2019-09-01,9,Sep,False,-0.02688965737937843,0.7286000436608814,0.7554897010402598,True,-0.10332252720625568,0.7212572654004781,0.8245797926067338
2019-10-01,10,Oct,True,-0.2627799354494402,0.48140179211715506,0.7441817275665953,True,-0.09481280433515948,0.672523761424703,0.7673365657598625
2019-11-01,11,Nov,False,-0.2872374093226411,0.46587981632337827,0.7531172256460194,False,-0.3439435256696327,0.43331280043082987,0.7772563261004626
2019-12-01,12,Dec,False,0.2291987090470639,0.9823159346930832,0.7531172256460192,False,0.5032007941322324,0.9486364814256654,0.44543568729343297
2020-01-01,1,Jan,False,0.5270924726654491,1.2880010466429768,0.7609085739775276,False,0.6204862757551102,1.453053553959586,0.8325672782044757
2020-02-01,2,Feb,True,-0.21067600971782613,0.5565319378834166,0.7672079476012428,True,0.11523607110751607,0.4565398930426025,0.34130382193508646
2020-03-01,3,Mar,False,0.08712586567872654,0.8614747027444102,0.7743488370656837,False,0.25171843399221494,0.8364248182427667,0.5847063842505518
2020-04-01,4,Apr,False,-0.17407297380862768,0.600275863257056,0.7743488370656837,False,0.024753420710343588,0.5904318852621774,0.5656784645518338
2020-05-01,5,May,True,-0.6040951815646486,0.18188039061333092,0.7859755721779795,True,-0.43641160699297665,0.07864637056402393,0.5150579775570006
2020-06-01,6,Jun,False,-0.5646210777275792,0.23237962086771113,0.7970006985952903,False,-0.7223625486412225,0.10410991871843377,0.8264724673596563
2020-07-01,7,Jul,True,-0.10046038889463654,0.6855360381652637,0.7859964270599002,True,-0.03174524088604369,0.7738106290246645,0.8055558699107082
2020-08-01,8,Aug,True,0.024406665086928847,0.8186041377184341,0.7941974726315053,True,0.14881457944852655,0.6289335324137912,0.4801189529652647
2020-09-01,9,Sep,True,-0.0046835584183616,0.7895139142131435,0.7941974726315051,True,-0.002314018927383199,0.7382253547616058,0.7405393736889889
2020-10-01,10,Oct,True,0.12433358289284413,0.9059550661383617,0.7816214832455176,True,0.37969551833765425,1.0655440695309317,0.6858485511932775
2020-11-01,11,Nov,True,0.4624169404080434,1.2440384236535609,0.7816214832455175,True,0.4016948016520144,1.2550298201867576,0.8533350185347433
2020-12-01,12,Dec,False,0.48171882621524653,1.263340309460764,0.7816214832455175,False,0.7367115693986951,1.2360753946414804,0.49936382524278533
2021-01-01,1,Jan,False,0.39303448192406343,1.174655965169581,0.7816214832455175,False,0.3580349210508888,1.440419097094265,1.0823841760433761
2021-02-01,2,Feb,False,-0.20745129518727412,0.5867461774442311,0.7941974726315052,False,0.03176748269912977,0.33939059850627185,0.3076231158071421
2021-03-01,3,Mar,True,0.44086230174429203,1.2461322946854636,0.8052699929411715,True,0.5109015680807654,1.1858574821452879,0.6749559140645225
2021-04-01,4,Apr,True,0.1476765249463064,0.9672540754572658,0.8195775505109595,True,0.2203826782913736,0.9069406429710628,0.6865579646796892
2021-05-01,5,May,False,-0.2582019546547692,0.5613755958561903,0.8195775505109595,False,-0.1026444808564464,0.41241349670055416,0.5150579775570006
2021-06-01,6,Jun,True,0.5171059566566398,1.3366835071675993,0.8195775505109595,True,0.3314718831673411,1.2584563600812377,0.9269844769138966
2021-07-01,7,Jul,False,-0.040571261088757304,0.7809118308254258,0.8214830919141831,False,0.041498459253166586,0.768061755910151,0.7265632966569844
2021-08-01,8,Aug,True,0.3982234207742976,1.2197065126884807,0.8214830919141831,True,0.5642940454448903,0.975053881395556,0.4107598359506658
2021-09-01,9,Sep,True,0.3935113171929418,1.2237640008049364,0.8302526836119946,True,0.4314790532537056,1.1720184269426945,0.7405393736889889
2021-10-01,10,Oct,False,0.32704529399465954,1.1485283859088427,0.8214830919141831,False,0.6056423195319796,1.197487352645963,0.5918450331139835
2021-11-01,11,Nov,True,0.7439441262518711,1.5492141191930429,0.8052699929411717,True,0.6828494886785517,1.536184507213295,0.8533350185347433
2021-12-01,12,Dec,True,0.38637130572860834,1.2078543976427913,0.821483091914183,False,0.760853996830344,1.3270400299248855,0.5661860330945414
2022-01-01,1,Jan,True,-0.052201731177736355,0.7530682617634352,0.8052699929411715,True,-0.03292012809580919,0.9953502971821403,1.0282704252779495
2022-02-01,2,Feb,True,0.26407444861135826,1.06934444155253,0.8052699929411717,False,0.5436731513060364,0.9012626802870551,0.3575895289810187
2022-03-01,3,Mar,False,0.35964461221441174,1.1649146051555834,0.8052699929411717,False,0.4296838785508851,1.1046397926154077,0.6749559140645226
2022-04-01,4,Apr,True,0.6755734821160244,1.4808434750571962,0.8052699929411717,True,0.749216604344096,1.4357745690237853,0.6865579646796893
2022-05-01,5,May,True,0.3668559014954257,1.1883389934096087,0.821483091914183,False,0.535622766461235,1.0630818627067222,0.5274590962454873
2022-06-01,6,Jun,True,0.08309558462171551,0.8883960728579386,0.8053004882362231,True,-0.10122902116728838,0.8257554557466082,0.9269844769138966
2022-07-01,7,Jul,False,0.3530550372530086,1.1583555254892317,0.8053004882362231,False,0.411241301942554,1.1682455171363118,0.7570042151937577
2022-08-01,8,Aug,True,-0.8135418747366634,-0.008241386500440318,0.8053004882362231,True,-0.6713547057184492,-0.26059486976778345,0.4107598359506658
2022-09-01,9,Sep,True,-0.3463207687525119,0.45894922418865974,0.8052699929411716,True,-0.34083968299756795,0.38906642137315733,0.7299061043707253
2022-10-01,10,Oct,False,-0.5272699777502408,0.2655693384269986,0.7928393161772394,False,-0.2402141221100283,0.33933028030360257,0.5795444024136309
2022-11-01,11,Nov,True,0.180173333647621,0.9618587110745025,0.7816853774268815,True,0.3287192098129176,0.9737672193785153,0.6450480095655977
2022-12-01,12,Dec,True,0.09663060528844764,0.89001639249772,0.7933857872092724,True,0.3176495470306575,0.9003230128051445,0.582673465774487
2023-01-01,1,Jan,True,0.06776627237503724,0.8611520595843096,0.7933857872092724,True,0.1141013653261414,1.1423717906040909,1.0282704252779495
2023-02-01,2,Feb,True,0.2860238763800758,1.0794096635893482,0.7933857872092724,True,0.5554076903996222,0.9721666653883205,0.4167589749886983
2023-03-01,3,Mar,True,0.5491397430567182,1.3425255302659904,0.7933857872092722,True,0.5970496530295458,1.321147545791454,0.7240978927619083
2023-04-01,4,Apr,True,-0.0753376722825066,0.7180481149267657,0.7933857872092722,True,0.02535893981474191,0.7119169044944311,0.6865579646796892
2023-05-01,5,May,True,0.02607762231794214,0.8194634095272144,0.7933857872092722,True,0.1248196543439844,0.7246400297659887,0.5998203754220044
2023-06-01,6,Jun,True,-0.11220473768648864,0.6811810495227837,0.7933857872092723,True,-0.19463200845496592,0.7119604155003434,0.9065924239553094
2023-07-01,7,Jul,True,-0.5225964710664791,0.26097707155389777,0.7835735426203769,True,-0.5193641757553015,0.48077232542178616,1.0001365011770877
2023-08-01,8,Aug,True,-0.21869244625867745,0.5648810963616995,0.7835735426203769,True,-0.04982428618857676,0.3609355497620891,0.41075983595066584
2023-09-01,9,Sep,True,-0.1697477741201,0.6138257685002769,0.7835735426203769,True,-0.13721319849597907,0.565410557414731,0.70262375591071
2023-10-01,10,Oct,True,0.027033561548053975,0.8106071041684308,0.7835735426203769,False,0.3090291467155388,0.8880534403517641,0.5790242936362253
2023-11-01,11,Nov,True,-0.0698035064665894,0.7137700361537875,0.7835735426203769,True,0.15181845485564344,0.6891720946180712,0.5373536397624277
2023-12-01,12,Dec,True,-0.011995050260603712,0.7715784923597733,0.7835735426203769,True,0.20902389148160616,0.791697357256093,0.5826734657744869
2024-01-01,1,Jan,True,0.14818155821285722,0.9317551008332341,0.7835735426203769,True,0.19451665116396138,1.2227870764419109,1.0282704252779495
2024-02-01,2,Feb,False,0.01879658980364468,0.8023701324240216,0.7835735426203769,False,0.2881804038231911,0.7049393788118894,0.4167589749886983
2024-03-01,3,Mar,False,0.2541245907840813,1.0376981334044582,0.7835735426203769,False,0.30203450075690896,1.0261323935188174,0.7240978927619084
2024-04-01,4,Apr,True,-0.1623625174808621,0.6319393355265461,0.7943018530074082,True,-0.08946759640564261,0.5970903682740466,0.6865579646796892
2024-05-01,5,May,True,-0.012031652798538905,0.7932688354376842,0.8053004882362231,True,0.060029388175616816,0.659849763597621,0.5998203754220042
2024-06-01,6,Jun,True,-0.030707444915452242,0.763594408091956,0.7943018530074082,True,-0.2161527506745986,0.5973029759874765,0.8134557266620751
2024-07-01,7,Jul,True,-0.16883879670915097,0.6254630562982573,0.7943018530074082,True,-0.1934081924200023,0.8067283087570853,1.0001365011770877
2024-08-01,8,Aug,False,0.0626854110876991,0.8569872640951073,0.7943018530074082,False,0.20375188013577078,0.6145117160864366,0.41075983595066584
2024-09-01,9,Sep,True,-0.2902292470791167,0.5040726059282915,0.7943018530074082,True,-0.24849330019471708,0.4499503723914243,0.6984436725861414
2024-10-01,10,Oct,True,0.08778849428093027,0.8820928525003813,0.794304358219451,True,0.2728738654719334,0.9209273058236975,0.6480534403517642
2024-11-01,11,Nov,True,0.1730472330037386,0.9673515912231896,0.794304358219451,True,0.3667881270650285,0.9041417668274563,0.5373536397624278
2024-12-01,12,Dec,True,-0.0752967776397746,0.7190075805796763,0.7943043582194509,True,0.1935649326631218,0.7005145626159792,0.5069496299528574
