dgp,Ts,family,lam,rule,score,coverage,width
scale,20,plain,0.0,,9.624213116263135,0.8604527500000001,5.200179140864527
scale,20,plain,0.1,,9.573185844004614,0.8605564999999998,5.144572186308218
scale,20,plain,0.2,,9.540778267456357,0.8594503750000001,5.080645036128599
scale,20,plain,0.3,,9.534971058833472,0.856882875,5.010875855384668
scale,20,plain,0.4,,9.538287934602632,0.8536611249999998,4.934764313191216
scale,20,plain,0.5,,9.573444660592033,0.848657,4.852405716161426
scale,20,plain,0.6,,9.62293861756194,0.8425905000000006,4.7605089589861596
scale,20,plain,0.7,,9.695111493109264,0.8350881249999993,4.65810131862887
scale,20,plain,0.8,,9.812204890935194,0.8248859999999996,4.543344896504121
scale,20,plain,0.9,,9.966440558970561,0.8120428750000005,4.406822983297357
scale,20,plain,1.0,,10.264757916169778,0.78891575,4.1826690534943145
scale,20,corrected,0.0,,9.613148059248891,0.8669732500000004,5.34716947903074
scale,20,corrected,0.1,,9.532460777101718,0.87382425,5.426968580420166
scale,20,corrected,0.2,,9.519373114022128,0.8767545000000002,5.483376699277203
scale,20,corrected,0.3,,9.538853947848564,0.877717625,5.5303994605621805
scale,20,corrected,0.4,,9.56531135758945,0.8779510000000005,5.56670748078762
scale,20,corrected,0.5,,9.62686887759063,0.875864375,5.585581374173074
scale,20,corrected,0.6,,9.687535819264918,0.8730662499999999,5.585807508128094
scale,20,corrected,0.7,,9.816194372821629,0.8656820000000003,5.551896893970113
scale,20,corrected,0.8,,9.895615914659622,0.857521875,5.4430829404945715
scale,20,corrected,0.9,,10.03633179502686,0.8413542499999996,5.209110497336956
scale,20,corrected,1.0,,10.29579559573878,0.8104461250000001,4.748657298894428
scale,20,corrected,0.326,cv_score,9.603365796283374,0.8614026250000001,5.20563256549519
scale,20,corrected,0.5225,cv_cov,9.811845887354677,0.86524825,5.537066682361243
scale,35,plain,0.0,,9.253628338631643,0.8857789999999996,5.399304943754779
scale,35,plain,0.1,,9.228269237208307,0.885366375,5.3599266177064075
scale,35,plain,0.2,,9.214638832648848,0.8840929999999997,5.313382148442748
scale,35,plain,0.3,,9.207418548123602,0.8822525,5.259145754512193
scale,35,plain,0.4,,9.211690090669778,0.8795742499999997,5.198520777653844
scale,35,plain,0.5,,9.228388943960677,0.8761296250000002,5.131177008706173
scale,35,plain,0.6,,9.260461247693055,0.871597,5.055181543990738
scale,35,plain,0.7,,9.309032291372931,0.8659108749999996,4.971117398568731
scale,35,plain,0.8,,9.377366611932583,0.8589337499999999,4.876964073050085
scale,35,plain,0.9,,9.458017535611669,0.8507778749999997,4.7685774405628605
scale,35,plain,1.0,,9.584608963882193,0.8390001249999999,4.6260816583403725
scale,35,corrected,0.0,,9.254431933159827,0.89008825,5.507896433646989
scale,35,corrected,0.1,,9.237063630164315,0.8958345,5.630276342247481
scale,35,corrected,0.2,,9.242905255747615,0.8978537499999992,5.687265139711775
scale,35,corrected,0.3,,9.254002424681854,0.8986841250000001,5.721343466650265
scale,35,corrected,0.4,,9.284087318161731,0.8982293749999999,5.743730179765923
scale,35,corrected,0.5,,9.321033748555873,0.8968098750000002,5.7522816731827575
scale,35,corrected,0.6,,9.382451651325612,0.8936790000000002,5.745529919501799
scale,35,corrected,0.7,,9.454269428711989,0.8892238750000006,5.717100343733884
scale,35,corrected,0.8,,9.503279263806805,0.885046125,5.6700943723139465
scale,35,corrected,0.9,,9.553984915808254,0.8801457499999998,5.606388975717305
scale,35,corrected,1.0,,9.60729978129475,0.8743488749999987,5.524202748532984
scale,35,corrected,0.3735,cv_score,9.286915678207674,0.8837229999999999,5.3892576827266065
scale,35,corrected,0.4545,cv_cov,9.389785558980341,0.898339125,5.865917058416602
scale,50,plain,0.0,,9.240588796248005,0.8865573749999999,5.40483069773038
scale,50,plain,0.1,,9.213622063535109,0.8867487500000001,5.37818415435571
scale,50,plain,0.2,,9.195909117786195,0.8861335000000001,5.341363235612666
scale,50,plain,0.3,,9.193727620181619,0.8844666250000001,5.296974386182186
scale,50,plain,0.4,,9.196887449040789,0.8823485000000001,5.248048033211136
scale,50,plain,0.5,,9.207597489732022,0.8796853750000001,5.194483119329103
scale,50,plain,0.6,,9.230463391168332,0.8761750000000004,5.134222395954086
scale,50,plain,0.7,,9.26799921311407,0.8717745000000001,5.06893099891904
scale,50,plain,0.8,,9.31569464974767,0.8666177500000002,4.9957711995405685
scale,50,plain,0.9,,9.366730500044548,0.8608152500000005,4.91298720675594
scale,50,plain,1.0,,9.454973857643884,0.8521740000000002,4.802424614867035
scale,50,corrected,0.0,,9.238590616057449,0.8887027499999998,5.45463956615341
scale,50,corrected,0.1,,9.211534452280613,0.8919742500000002,5.506619219010602
scale,50,corrected,0.2,,9.196705096648426,0.8932925,5.522083450510299
scale,50,corrected,0.3,,9.199527012589703,0.8931068750000002,5.519750892132735
scale,50,corrected,0.4,,9.202557396011313,0.8924007499999997,5.5056329900877765
scale,50,corrected,0.5,,9.227835842123879,0.89031425,5.4827951365683845
scale,50,corrected,0.6,,9.258176544833553,0.8876476249999998,5.4526357856650325
scale,50,corrected,0.7,,9.279305885036756,0.8852941249999998,5.418312934561453
scale,50,corrected,0.8,,9.309404693237957,0.8820726249999998,5.373133741472071
scale,50,corrected,0.9,,9.356417213305022,0.8776373749999998,5.318210055989866
scale,50,corrected,1.0,,9.450156852773938,0.8686711249999999,5.207175533803497
scale,50,corrected,0.397,cv_score,9.248590587371872,0.8850309999999999,5.376828377107518
scale,50,corrected,0.5755,cv_cov,9.299701407298997,0.8882327500000001,5.516271157391535
shape,20,plain,0.0,,4.878522265979195,0.8171491250000006,1.6229937102905974
shape,20,plain,0.1,,4.835851403210396,0.8305531250000001,1.6317469244907434
shape,20,plain,0.2,,4.806493411397642,0.8390432499999999,1.6332640700626284
shape,20,plain,0.3,,4.771056429820702,0.8462079999999998,1.6304337059555727
shape,20,plain,0.4,,4.762371680861126,0.8501658750000002,1.6237599277923171
shape,20,plain,0.5,,4.751219915266626,0.85115875,1.612733177355487
shape,20,plain,0.6,,4.745001420148082,0.8507992500000006,1.5977564890381972
shape,20,plain,0.7,,4.742682330836196,0.8496176249999998,1.577902777476295
shape,20,plain,0.8,,4.733638334588966,0.8472051249999997,1.5529412737481751
shape,20,plain,0.9,,4.723286465207862,0.8389046250000005,1.5216038850235087
shape,20,plain,1.0,,4.72887151038907,0.8047040000000002,1.4805777707716063
shape,20,corrected,0.0,,4.848172334484835,0.8260413750000002,1.6586866784789696
shape,20,corrected,0.1,,4.754355725312254,0.8475955000000008,1.7786408400523057
shape,20,corrected,0.2,,4.721718043413071,0.8620028749999995,1.8511384789116923
shape,20,corrected,0.3,,4.675603263652952,0.8724036249999998,1.9011263313609
shape,20,corrected,0.4,,4.624915272767936,0.8808631250000005,1.9383522593130385
shape,20,corrected,0.5,,4.596864586309982,0.8850068749999996,1.9640231562861974
shape,20,corrected,0.6,,4.575945257226067,0.8893818749999998,1.978800713751666
shape,20,corrected,0.7,,4.517941690788933,0.8905577500000003,1.9879478343224524
shape,20,corrected,0.8,,4.4681958291936175,0.8914628749999999,1.9938648093392
shape,20,corrected,0.9,,4.416929125272883,0.8861546250000006,1.9974960654845904
shape,20,corrected,1.0,,4.397184501286564,0.8464241249999996,1.996899238958133
shape,20,corrected,0.475,cv_score,4.631756675430387,0.870317375,1.95857050731201
shape,20,corrected,0.7005,cv_cov,4.538281459216084,0.87867975,2.037676895046418
shape,35,plain,0.0,,4.776321538032474,0.8358705000000003,1.5713953760909714
shape,35,plain,0.1,,4.739865084400692,0.847547875,1.5877792321303548
shape,35,plain,0.2,,4.718861821373662,0.85301775,1.5973206396108404
shape,35,plain,0.3,,4.6947766749129825,0.8582873750000002,1.6026515750420887
shape,35,plain,0.4,,4.674569399350397,0.8619014999999993,1.6047589415387433
shape,35,plain,0.5,,4.659191348465914,0.8640876250000002,1.603677479116602
shape,35,plain,0.6,,4.65168554206574,0.8649557499999997,1.5981444518429948
shape,35,plain,0.7,,4.633562054653613,0.8653190000000001,1.5881019186811023
shape,35,plain,0.8,,4.60809008621324,0.8650206250000002,1.5748366609603957
shape,35,plain,0.9,,4.596487781846465,0.86169075,1.5558564391060368
shape,35,plain,1.0,,4.574987806419444,0.8408663749999997,1.5255747966127595
shape,35,corrected,0.0,,4.759199315713945,0.8411348749999995,1.5960483811818975
shape,35,corrected,0.1,,4.723597584206523,0.8603410000000001,1.6589109234775725
shape,35,corrected,0.2,,4.669922517128877,0.8691038749999999,1.6986193684896167
shape,35,corrected,0.3,,4.60469174199389,0.87634375,1.732408027048285
shape,35,corrected,0.4,,4.5363971638933975,0.8819461249999996,1.7639873489051523
shape,35,corrected,0.5,,4.469958232151464,0.8870882499999999,1.7948265277592295
shape,35,corrected,0.6,,4.415248201333073,0.8921097500000008,1.8254762586266993
shape,35,corrected,0.7,,4.365375356781378,0.8953123749999996,1.855297591753643
shape,35,corrected,0.8,,4.319713908439291,0.8971810000000001,1.88484969990105
shape,35,corrected,0.9,,4.281663611222266,0.895565875,1.9143868597438864
shape,35,corrected,1.0,,4.256024349664973,0.8827882499999996,1.943899050889826
shape,35,corrected,0.63,cv_score,4.407448730618362,0.8734396249999999,1.8426634099709558
shape,35,corrected,0.6915,cv_cov,4.392229941912712,0.8899157500000001,1.9737335976817263
shape,50,plain,0.0,,4.7425569699396615,0.832668875,1.4805938744614766
shape,50,plain,0.1,,4.701506078163635,0.8435317500000002,1.5094071886544966
shape,50,plain,0.2,,4.673616569468505,0.8530776250000003,1.531448119649061
shape,50,plain,0.3,,4.65085919199279,0.8591507499999999,1.5489544003463256
shape,50,plain,0.4,,4.629202960616923,0.864142375,1.562025537978742
shape,50,plain,0.5,,4.608704219711091,0.8674825,1.57165247552207
shape,50,plain,0.6,,4.591394607074865,0.8703769999999994,1.576936936709791
shape,50,plain,0.7,,4.5739123126568515,0.8713612499999998,1.5788646656206309
shape,50,plain,0.8,,4.56092484332038,0.8726361250000001,1.575683094270517
shape,50,plain,0.9,,4.544348257630166,0.8709128750000003,1.565536563142518
shape,50,plain,1.0,,4.519226199887155,0.8579767500000001,1.54298125247678
shape,50,corrected,0.0,,4.731625940507598,0.8361348750000005,1.4912661456217506
shape,50,corrected,0.1,,4.660936230646338,0.8509101249999997,1.5530500832185608
shape,50,corrected,0.2,,4.582110366179061,0.8618441249999993,1.6029071213017865
shape,50,corrected,0.3,,4.5414076001614605,0.8701581250000001,1.6481124264840816
shape,50,corrected,0.4,,4.496331889325158,0.876631875,1.6866215397356779
shape,50,corrected,0.5,,4.48375589598531,0.8809055,1.7183778385686674
shape,50,corrected,0.6,,4.452862325301716,0.8850202500000004,1.7421044422193128
shape,50,corrected,0.7,,4.448518765997925,0.8864377500000002,1.7579924900127564
shape,50,corrected,0.8,,4.425004868338687,0.8891242499999996,1.7645635810281293
shape,50,corrected,0.9,,4.389029189912009,0.8899938749999997,1.7625222256918822
shape,50,corrected,1.0,,4.337481853204612,0.8789305000000005,1.7519599600568676
shape,50,corrected,0.721,cv_score,4.346985669806892,0.878024625,1.7640682272481127
shape,50,corrected,0.8270000000000001,cv_cov,4.387532210079886,0.8857916250000001,1.7906269793535696
mixed,20,plain,0.0,,9.75704453195839,0.8171491250000006,3.2459874205811947
mixed,20,plain,0.1,,9.671702806420791,0.8305531250000001,3.263493848981487
mixed,20,plain,0.2,,9.612986822795284,0.8390432499999999,3.266528140125257
mixed,20,plain,0.3,,9.542112859641405,0.8462079999999998,3.2608674119111454
mixed,20,plain,0.4,,9.524743361722251,0.8501658750000002,3.2475198555846343
mixed,20,plain,0.5,,9.502439830533252,0.85115875,3.225466354710974
mixed,20,plain,0.6,,9.490002840296164,0.8507992500000006,3.1955129780763945
mixed,20,plain,0.7,,9.485364661672392,0.8496176249999998,3.15580555495259
mixed,20,plain,0.8,,9.467276669177933,0.8472051249999997,3.1058825474963503
mixed,20,plain,0.9,,9.446572930415725,0.8389046250000005,3.0432077700470175
mixed,20,plain,1.0,,9.45774302077814,0.8047040000000002,2.9611555415432127
mixed,20,corrected,0.0,,9.69634466896967,0.8260413750000002,3.317373356957939
mixed,20,corrected,0.1,,9.508711450624508,0.8475955000000008,3.5572816801046114
mixed,20,corrected,0.2,,9.443436086826143,0.8620028749999995,3.7022769578233845
mixed,20,corrected,0.3,,9.351206527305903,0.8724036249999998,3.8022526627218
mixed,20,corrected,0.4,,9.249830545535872,0.8808631250000005,3.876704518626077
mixed,20,corrected,0.5,,9.193729172619964,0.8850068749999996,3.928046312572395
mixed,20,corrected,0.6,,9.151890514452134,0.8893818749999998,3.957601427503332
mixed,20,corrected,0.7,,9.035883381577866,0.8905577500000003,3.9758956686449047
mixed,20,corrected,0.8,,8.936391658387235,0.8914628749999999,3.9877296186784
mixed,20,corrected,0.9,,8.833858250545767,0.8861546250000006,3.9949921309691807
mixed,20,corrected,1.0,,8.794369002573127,0.8464241249999996,3.993798477916266
mixed,20,corrected,0.475,cv_score,9.263513350860775,0.870317375,3.91714101462402
mixed,20,corrected,0.7005,cv_cov,9.076562918432169,0.87867975,4.075353790092836
mixed,35,plain,0.0,,9.552643076064948,0.8358705000000003,3.1427907521819427
mixed,35,plain,0.1,,9.479730168801384,0.847547875,3.1755584642607095
mixed,35,plain,0.2,,9.437723642747324,0.85301775,3.1946412792216807
mixed,35,plain,0.3,,9.389553349825965,0.8582873750000002,3.2053031500841773
mixed,35,plain,0.4,,9.349138798700794,0.8619014999999993,3.2095178830774866
mixed,35,plain,0.5,,9.318382696931828,0.8640876250000002,3.207354958233204
mixed,35,plain,0.6,,9.30337108413148,0.8649557499999997,3.1962889036859896
mixed,35,plain,0.7,,9.267124109307225,0.8653190000000001,3.1762038373622046
mixed,35,plain,0.8,,9.21618017242648,0.8650206250000002,3.1496733219207913
mixed,35,plain,0.9,,9.19297556369293,0.86169075,3.1117128782120735
mixed,35,plain,1.0,,9.149975612838888,0.8408663749999997,3.051149593225519
mixed,35,corrected,0.0,,9.51839863142789,0.8411348749999995,3.192096762363795
mixed,35,corrected,0.1,,9.447195168413046,0.8603410000000001,3.317821846955145
mixed,35,corrected,0.2,,9.339845034257754,0.8691038749999999,3.3972387369792334
mixed,35,corrected,0.3,,9.20938348398778,0.87634375,3.46481605409657
mixed,35,corrected,0.4,,9.072794327786795,0.8819461249999996,3.5279746978103046
mixed,35,corrected,0.5,,8.939916464302929,0.8870882499999999,3.589653055518459
mixed,35,corrected,0.6,,8.830496402666146,0.8921097500000008,3.6509525172533985
mixed,35,corrected,0.7,,8.730750713562756,0.8953123749999996,3.710595183507286
mixed,35,corrected,0.8,,8.639427816878582,0.8971810000000001,3.7696993998021
mixed,35,corrected,0.9,,8.563327222444531,0.895565875,3.828773719487773
mixed,35,corrected,1.0,,8.512048699329945,0.8827882499999996,3.887798101779652
mixed,35,corrected,0.63,cv_score,8.814897461236724,0.8734396249999999,3.6853268199419116
mixed,35,corrected,0.6915,cv_cov,8.784459883825424,0.8899157500000001,3.9474671953634526
mixed,50,plain,0.0,,9.485113939879323,0.832668875,2.9611877489229532
mixed,50,plain,0.1,,9.40301215632727,0.8435317500000002,3.0188143773089933
mixed,50,plain,0.2,,9.34723313893701,0.8530776250000003,3.062896239298122
mixed,50,plain,0.3,,9.30171838398558,0.8591507499999999,3.097908800692651
mixed,50,plain,0.4,,9.258405921233846,0.864142375,3.124051075957484
mixed,50,plain,0.5,,9.217408439422181,0.8674825,3.14330495104414
mixed,50,plain,0.6,,9.18278921414973,0.8703769999999994,3.153873873419582
mixed,50,plain,0.7,,9.147824625313703,0.8713612499999998,3.1577293312412618
mixed,50,plain,0.8,,9.12184968664076,0.8726361250000001,3.151366188541034
mixed,50,plain,0.9,,9.088696515260333,0.8709128750000003,3.131073126285036
mixed,50,plain,1.0,,9.03845239977431,0.8579767500000001,3.08596250495356
mixed,50,corrected,0.0,,9.463251881015196,0.8361348750000005,2.9825322912435013
mixed,50,corrected,0.1,,9.321872461292676,0.8509101249999997,3.1061001664371215
mixed,50,corrected,0.2,,9.164220732358123,0.8618441249999993,3.205814242603573
mixed,50,corrected,0.3,,9.082815200322921,0.8701581250000001,3.2962248529681633
mixed,50,corrected,0.4,,8.992663778650316,0.876631875,3.3732430794713557
mixed,50,corrected,0.5,,8.96751179197062,0.8809055,3.436755677137335
mixed,50,corrected,0.6,,8.905724650603432,0.8850202500000004,3.4842088844386256
mixed,50,corrected,0.7,,8.89703753199585,0.8864377500000002,3.5159849800255127
mixed,50,corrected,0.8,,8.850009736677373,0.8891242499999996,3.5291271620562585
mixed,50,corrected,0.9,,8.778058379824017,0.8899938749999997,3.5250444513837644
mixed,50,corrected,1.0,,8.674963706409224,0.8789305000000005,3.503919920113735
mixed,50,corrected,0.721,cv_score,8.693971339613784,0.878024625,3.5281364544962255
mixed,50,corrected,0.8270000000000001,cv_cov,8.775064420159772,0.8857916250000001,3.5812539587071393
null,20,plain,0.0,,4.514586008075375,0.8558573750000001,3.145758672657627
null,20,plain,0.1,,4.481382177947735,0.855143375,3.1143407413353295
null,20,plain,0.2,,4.459748834196025,0.8533959999999996,3.081298129998593
null,20,plain,0.3,,4.4564339791798595,0.8502513749999999,3.045821134480004
null,20,plain,0.4,,4.459294155073873,0.8462820000000003,3.007437272072993
null,20,plain,0.5,,4.471573285553123,0.8413373749999998,2.9654962596033227
null,20,plain,0.6,,4.518155033801279,0.83374225,2.919700432442086
null,20,plain,0.7,,4.564784280093825,0.8255608750000002,2.8690950826897486
null,20,plain,0.8,,4.6494446133277805,0.8143326249999996,2.812854823998951
null,20,plain,0.9,,4.762314144052254,0.8004817500000003,2.747053393976503
null,20,plain,1.0,,4.92318469309402,0.7808781249999995,2.652343275447828
null,20,corrected,0.0,,4.504017542737617,0.8629392500000002,3.212289211200641
null,20,corrected,0.1,,4.451858834940955,0.868147375,3.2260846632783533
null,20,corrected,0.2,,4.417606634272701,0.8714291250000001,3.232515871126174
null,20,corrected,0.3,,4.407610265054857,0.8722752500000004,3.2341264842774273
null,20,corrected,0.4,,4.421555284138093,0.8710381249999998,3.2303453930879016
null,20,corrected,0.5,,4.453909491060653,0.8674446250000005,3.219772925491955
null,20,corrected,0.6,,4.516077931012293,0.8607045000000011,3.1962433783712556
null,20,corrected,0.7,,4.581875928905772,0.8524517499999995,3.1592843961784793
null,20,corrected,0.8,,4.685157052381622,0.83924075,3.0981855415194373
null,20,corrected,0.9,,4.776562680945131,0.8235525,2.9987644363738726
null,20,corrected,1.0,,4.861882094458254,0.8040663749999996,2.8538004269646535
null,20,corrected,0.43200000000000005,cv_score,4.515283762087373,0.852316375,3.107387945870164
null,20,corrected,0.5455,cv_cov,4.543306142096235,0.8625949999999999,3.226784672123859
null,35,plain,0.0,,4.380144429364848,0.8805399999999995,3.299380025438066
null,35,plain,0.1,,4.352723782114714,0.8796195000000003,3.268405186742529
null,35,plain,0.2,,4.331614004627078,0.8779232500000004,3.2347057099999437
null,35,plain,0.3,,4.318733667559957,0.875398125,3.1988263164525406
null,35,plain,0.4,,4.318985404226912,0.8714743749999999,3.1597625844358848
null,35,plain,0.5,,4.326076849952527,0.86678325,3.1181733501555
null,35,plain,0.6,,4.341457760847022,0.8611791250000003,3.0738123171997374
null,35,plain,0.7,,4.388519359401847,0.8530614999999999,3.025301925106642
null,35,plain,0.8,,4.42817294361913,0.8449480000000001,2.972208954807754
null,35,plain,0.9,,4.481990289169444,0.8353741249999997,2.914513664820309
null,35,plain,1.0,,4.553213536641725,0.8235494999999998,2.8448432727231165
null,35,corrected,0.0,,4.376631161906204,0.885441125,3.3467193937259463
null,35,corrected,0.1,,4.348943739068495,0.8893585000000003,3.363965547989434
null,35,corrected,0.2,,4.328182520840512,0.8913328750000001,3.3679403515006165
null,35,corrected,0.3,,4.323879621922721,0.8911709999999999,3.362351519664116
null,35,corrected,0.4,,4.325398218827513,0.8896542500000001,3.3473465320649076
null,35,corrected,0.5,,4.342773578442705,0.8863227499999998,3.3277087806397945
null,35,corrected,0.6,,4.367802224926214,0.8817559999999992,3.3015636476249224
null,35,corrected,0.7,,4.387166940474267,0.877201375,3.2697989246814654
null,35,corrected,0.8,,4.411937740815497,0.8718160000000003,3.233694403082277
null,35,corrected,0.9,,4.440119519977734,0.86569325,3.193143475034207
null,35,corrected,1.0,,4.477717275551192,0.8584059999999998,3.1465525543602957
null,35,corrected,0.442,cv_score,4.351363363814354,0.876414125,3.2332295268615248
null,35,corrected,0.473,cv_cov,4.353520799354418,0.8874163749999999,3.3465595029623865
null,50,plain,0.0,,4.300735560979357,0.8813627500000001,3.245955605724159
null,50,plain,0.1,,4.280792221125546,0.8813998749999999,3.230219063728441
null,50,plain,0.2,,4.270324515832092,0.8804087499999995,3.211705109515606
null,50,plain,0.3,,4.262944919836899,0.8788368749999997,3.190265805547769
null,50,plain,0.4,,4.268684738326501,0.875973124999999,3.1654593045618733
null,50,plain,0.5,,4.278850917356811,0.8723797500000005,3.1376704656108694
null,50,plain,0.6,,4.294312045580625,0.8681871250000001,3.1072845490205454
null,50,plain,0.7,,4.315085165943164,0.863270625,3.073761139473438
null,50,plain,0.8,,4.343460989336784,0.8575932499999999,3.03777639013914
null,50,plain,0.9,,4.3797122053872775,0.8508166249999999,2.9974571003172734
null,50,plain,1.0,,4.436728721331023,0.8418431249999998,2.9480227475634537
null,50,corrected,0.0,,4.299951258684513,0.8834277500000003,3.266091554809514
null,50,corrected,0.1,,4.277181493645043,0.8864058749999999,3.277668052392455
null,50,corrected,0.2,,4.261959662475514,0.8876763749999997,3.2777401038414733
null,50,corrected,0.3,,4.250186026534376,0.8879965,3.2713680461887744
null,50,corrected,0.4,,4.248845759701362,0.887178625,3.26160246702952
null,50,corrected,0.5,,4.251024383333008,0.8857332499999999,3.2492053679898163
null,50,corrected,0.6,,4.259011361953979,0.883543,3.2340707561459774
null,50,corrected,0.7,,4.270137544711848,0.8808923749999996,3.215954459577301
null,50,corrected,0.8,,4.300294220011408,0.8763159999999999,3.1926620450924705
null,50,corrected,0.9,,4.338290246302125,0.8702929999999997,3.161181874092318
null,50,corrected,1.0,,4.399694500084132,0.8603427499999999,3.1066901556937405
null,50,corrected,0.4655,cv_score,4.267930865797214,0.8793935,3.198380510462851
null,50,corrected,0.5670000000000001,cv_cov,4.282138750773412,0.884593375,3.260877443994565
